{
    "accuracy": 0.9458154506437768,
    "precision": 0.9571209800918836,
    "recall": 0.9340307429547395,
    "f1-score": 0.9454349000540249,
    "average_precision": [
        0.9912187530054807
    ],
    "ROC_AUC": 0.9906184768665234,
    "PR_AUC": 0.9912300543853901,
    "hamming_loss": 0.054184549356223174,
    "jaccard_score": 0.8965163934426229,
    "confusion_matrix": [
        [
            0.9577221742881795,
            0.04227782571182054
        ],
        [
            0.06596925704526047,
            0.9340307429547395
        ]
    ]
}