{
    "accuracy": 0.9157725321888412,
    "precision": 0.9294998898435779,
    "recall": 0.9007258753202391,
    "f1-score": 0.9148866963027215,
    "average_precision": [
        0.9784626284538562
    ],
    "ROC_AUC": 0.9778916201059691,
    "PR_AUC": 0.9786163150713336,
    "hamming_loss": 0.0842274678111588,
    "jaccard_score": 0.8431254996003198,
    "confusion_matrix": [
        [
            0.9309749784296808,
            0.06902502157031924
        ],
        [
            0.09927412467976089,
            0.9007258753202391
        ]
    ]
}