{
    "ID_max_prob": {
        "mean": 0.45993953943252563,
        "var": 0.02689075842499733
    },
    "OOD_max_prob": {
        "mean": 0.9864441156387329,
        "var": 0.031449370086193085
    },
    "normality": {
        "base_rate": 50.0,
        "Prob_AUPR": 99.99,
        "Prob_AUROC": 99.99
    },
    "abnormality": {
        "base_rate": 50.0,
        "Prob_AUPR": 99.99,
        "Prob_AUROC": 99.99
    },
    "avg_confidence": 0.7231918573379517,
    "fpr95_normality": 0.00012465719272001995,
    "detection_error_normality": 0.003677387185240597,
    "threshold_normality": 0.427734375,
    "fpr95_abnormality": 0.0002493143854400399,
    "detection_error_abnormality": 0.0036773871852405684,
    "threshold_abnormality": 0.576171875
}