{
    "accuracy": 0.6939914163090128,
    "precision": 0.7051052395879982,
    "recall": 0.6722886421861657,
    "f1-score": 0.6883060109289617,
    "average_precision": [
        0.7976319036846917
    ],
    "ROC_AUC": 0.7784461808561667,
    "PR_AUC": 0.7980590827111189,
    "hamming_loss": 0.3060085836909871,
    "jaccard_score": 0.5247458756873854,
    "confusion_matrix": [
        [
            0.7159188955996548,
            0.2840811044003451
        ],
        [
            0.3277113578138343,
            0.6722886421861657
        ]
    ]
}