{
    "ID_max_prob": {
        "mean": 0.49378809332847595,
        "var": 0.12385903298854828
    },
    "OOD_max_prob": {
        "mean": 0.5884472727775574,
        "var": 0.21264135837554932
    },
    "normality": {
        "base_rate": 50.0,
        "Prob_AUPR": 39.4,
        "Prob_AUROC": 35.82
    },
    "abnormality": {
        "base_rate": 50.0,
        "Prob_AUPR": 48.18,
        "Prob_AUROC": 35.82
    },
    "avg_confidence": 0.5411176681518555,
    "fpr95_normality": 0.954532476802284,
    "detection_error_normality": 0.5,
    "threshold_normality": 0.45751953125
}