{
    "accuracy": 0.9627682403433476,
    "precision": 0.9660434128519235,
    "recall": 0.9596498719043552,
    "f1-score": 0.9628360287030095,
    "average_precision/": [
        0.9911833285227417
    ],
    "ROC_AUC": 0.9912991346452116,
    "PR_AUC": 0.9918749858845948,
    "hamming_loss": 0.03723175965665236,
    "jaccard_score": 0.9283353985956216,
    "confusion_matrix": [
        [
            0.9659188955996548,
            0.034081104400345126
        ],
        [
            0.04035012809564475,
            0.9596498719043552
        ]
    ]
}