{
    "accuracy": 0.9396995708154506,
    "precision": 0.9295539808253439,
    "recall": 0.9521776259607173,
    "f1-score": 0.9407298038388526,
    "average_precision": [
        0.9887717119571435
    ],
    "ROC_AUC": 0.988383526539045,
    "PR_AUC": 0.9887898435996764,
    "hamming_loss": 0.06030042918454936,
    "jaccard_score": 0.8880923934687376,
    "confusion_matrix": [
        [
            0.9270923209663503,
            0.0729076790336497
        ],
        [
            0.04782237403928266,
            0.9521776259607173
        ]
    ]
}