{
    "accuracy": 0.9405579399141631,
    "precision": 0.9300291545189504,
    "recall": 0.9534585824081981,
    "f1-score": 0.9415981446341977,
    "average_precision": [
        0.9891128106223122
    ],
    "ROC_AUC": 0.988801877446693,
    "PR_AUC": 0.9891324228234875,
    "hamming_loss": 0.05944206008583691,
    "jaccard_score": 0.8896414342629482,
    "confusion_matrix": [
        [
            0.9275237273511648,
            0.0724762726488352
        ],
        [
            0.04654141759180188,
            0.9534585824081981
        ]
    ]
}