{
    "accuracy": 0.6505364806866952,
    "precision": 0.6957475994513032,
    "recall": 0.5414175918018788,
    "f1-score": 0.6089566574618802,
    "average_precision": [
        0.7432132470289954
    ],
    "ROC_AUC": 0.7221502725486282,
    "PR_AUC": 0.7433243811248325,
    "hamming_loss": 0.3494635193133047,
    "jaccard_score": 0.43776972207837045,
    "confusion_matrix": [
        [
            0.7607851596203624,
            0.2392148403796376
        ],
        [
            0.45858240819812124,
            0.5414175918018788
        ]
    ]
}