{
    "accuracy": 0.630901287553648,
    "precision": 0.5806238435104415,
    "recall": 0.9427038626609442,
    "f1-score": 0.7186324227057093,
    "average_precision": "empty",
    "ROC_AUC": "empty",
    "PR_AUC": "empty",
    "hamming_loss": 0.36909871244635195,
    "jaccard_score": 0.5608323758457807,
    "confusion_matrix": [
        [
            0.3190987124463519,
            0.6809012875536481
        ],
        [
            0.057296137339055794,
            0.9427038626609442
        ]
    ]
}