{
    "ID_max_prob": {
        "mean": 0.9511034488677979,
        "var": 0.09721134603023529
    },
    "OOD_max_prob": {
        "mean": 0.8033540844917297,
        "var": 0.15221959352493286
    },
    "ID_entropy": {
        "mean": 2.1681015491485596,
        "var": 0.17641857266426086
    },
    "OOD_entropy": {
        "mean": 1.8855091333389282,
        "var": 0.21726712584495544
    },
    "normality": {
        "base_rate": 50.0,
        "KL_AUPR": 88.53,
        "KL_AUROC": 86.28,
        "Prob_AUPR": 88.53,
        "Prob_AUROC": 86.28
    },
    "abnormality": {
        "base_rate": 50.0,
        "KL_AUPR": 81.42,
        "KL_AUROC": 86.28,
        "Prob_AUPR": 81.42,
        "Prob_AUROC": 86.28
    },
    "avg_confidence": 0.8769999742507935,
    "fpr95_normality": 0.721030042918455,
    "detection_error_normality": 0.3850321888412017,
    "threshold_normality": 0.6936286091804504,
    "fpr95_abnormality": 0.4040057224606581,
    "detection_error_abnormality": 0.22714592274678114,
    "threshold_abnormality": 0.014227092266082764
}