{
    "ID_max_prob": {
        "mean": 0.4643467366695404,
        "var": 0.04228082671761513
    },
    "OOD_max_prob": {
        "mean": 0.7025750875473022,
        "var": 0.24182498455047607
    },
    "normality": {
        "base_rate": 50.0,
        "Prob_AUPR": 73.48,
        "Prob_AUROC": 80.04
    },
    "abnormality": {
        "base_rate": 50.0,
        "Prob_AUPR": 86.18,
        "Prob_AUROC": 80.04
    },
    "avg_confidence": 0.5834609270095825,
    "fpr95_normality": 0.38859060402684553,
    "detection_error_normality": 0.21946308724832214,
    "threshold_normality": 0.53076171875,
    "fpr95_abnormality": 0.8784366576819406,
    "detection_error_abnormality": 0.5,
    "threshold_abnormality": 0.45751953125
}