{
    "accuracy": 0.8703862660944206,
    "precision": 0.9128266033254157,
    "recall": 0.8204526046114432,
    "f1-score": 0.8641780975938835,
    "average_precision": [
        0.9572815871560816
    ],
    "ROC_AUC": 0.953962173838721,
    "PR_AUC": 0.9573220771607258,
    "hamming_loss": 0.1296137339055794,
    "jaccard_score": 0.760839437735102,
    "confusion_matrix": [
        [
            0.9208369283865401,
            0.07916307161345988
        ],
        [
            0.1795473953885568,
            0.8204526046114432
        ]
    ]
}