{
    "ID_max_prob": {
        "mean": 0.5013886094093323,
        "var": 0.0003290258755441755
    },
    "OOD_max_prob": {
        "mean": 0.5008823871612549,
        "var": 0.0002769489656202495
    },
    "ID_entropy": {
        "mean": 1.6094419956207275,
        "var": 1.95529014490603e-06
    },
    "OOD_entropy": {
        "mean": 1.6094396114349365,
        "var": 9.913055691868067e-07
    },
    "normality": {
        "base_rate": 50.0,
        "KL_AUPR": 89.54,
        "KL_AUROC": 89.13,
        "Prob_AUPR": 89.55,
        "Prob_AUROC": 89.16
    },
    "abnormality": {
        "base_rate": 50.0,
        "KL_AUPR": 87.97,
        "KL_AUROC": 89.13,
        "Prob_AUPR": 87.99,
        "Prob_AUROC": 89.16
    },
    "avg_confidence": 0.5009999871253967,
    "fpr95_normality": 0.4837982832618026,
    "detection_error_normality": 0.2671137339055794,
    "threshold_normality": 0.5009098052978516,
    "fpr95_abnormality": 0.411480686695279,
    "detection_error_abnormality": 0.23084763948497855,
    "threshold_abnormality": 0.4987001419067383
}