{
    "accuracy": 0.675,
    "precision": 0.6146916146916147,
    "recall": 0.9468403074295474,
    "f1-score": 0.7454407933439785,
    "average_precision": [
        0.9181924886674617
    ],
    "ROC_AUC": 0.8917218557990081,
    "PR_AUC": 0.9184478317242908,
    "hamming_loss": 0.325,
    "jaccard_score": 0.5941854233654876,
    "confusion_matrix": [
        [
            0.4003451251078516,
            0.5996548748921484
        ],
        [
            0.0531596925704526,
            0.9468403074295474
        ]
    ]
}