{
    "accuracy": 0.917167381974249,
    "precision": 0.9068219633943427,
    "recall": 0.9308283518360376,
    "f1-score": 0.9186683522966709,
    "average_precision": [
        0.9804098262117927
    ],
    "ROC_AUC": 0.979185701107215,
    "PR_AUC": 0.9804382187227227,
    "hamming_loss": 0.08283261802575108,
    "jaccard_score": 0.8495713172252534,
    "confusion_matrix": [
        [
            0.903364969801553,
            0.09663503019844694
        ],
        [
            0.06917164816396243,
            0.9308283518360376
        ]
    ]
}