{
    "accuracy": 0.7380901287553648,
    "precision": 0.8221775351910371,
    "recall": 0.6110162254483348,
    "f1-score": 0.7010410287813841,
    "average_precision": [
        0.8408533029277033
    ],
    "ROC_AUC": 0.8197481384317145,
    "PR_AUC": 0.8417812866525994,
    "hamming_loss": 0.2619098712446352,
    "jaccard_score": 0.5396945125400716,
    "confusion_matrix": [
        [
            0.8664797238999137,
            0.1335202761000863
        ],
        [
            0.3889837745516652,
            0.6110162254483348
        ]
    ]
}