{
    "accuracy": 0.8939914163090129,
    "precision": 0.9027898866608544,
    "recall": 0.8842869342442357,
    "f1-score": 0.8934426229508197,
    "average_precision": [
        0.9594144095193826
    ],
    "ROC_AUC": 0.9600934357705522,
    "PR_AUC": 0.9594797444822754,
    "hamming_loss": 0.10600858369098712,
    "jaccard_score": 0.8074074074074075,
    "confusion_matrix": [
        [
            0.9037963761863675,
            0.09620362381363244
        ],
        [
            0.1157130657557643,
            0.8842869342442357
        ]
    ]
}