{
    "accuracy": 0.6668454935622318,
    "precision": 0.6529149719155529,
    "recall": 0.7196840307429547,
    "f1-score": 0.684675535696151,
    "average_precision": [
        0.6388244839443167
    ],
    "ROC_AUC": 0.6896105203475713,
    "PR_AUC": 0.7583006054082884,
    "hamming_loss": 0.3331545064377682,
    "jaccard_score": 0.5205373687461395,
    "confusion_matrix": [
        [
            0.6134598792062123,
            0.38654012079378774
        ],
        [
            0.28031596925704527,
            0.7196840307429547
        ]
    ]
}