{
    "accuracy": 0.9687768240343347,
    "precision": 0.9698395721925134,
    "recall": 0.9679760888129804,
    "f1-score": 0.9689069345015493,
    "average_precision": [
        0.987954850760389
    ],
    "ROC_AUC": 0.9911367125359843,
    "PR_AUC": 0.9879055969229488,
    "hamming_loss": 0.031223175965665238,
    "jaccard_score": 0.9396891191709844,
    "confusion_matrix": [
        [
            0.969585849870578,
            0.030414150129421915
        ],
        [
            0.03202391118701964,
            0.9679760888129804
        ]
    ]
}