{
    "accuracy": 0.7150989042265548,
    "precision": 0.7318168213109847,
    "recall": 0.6885384398760912,
    "f1-score": 0.7095182820661636,
    "average_precision": [
        0.8051342749664885
    ],
    "ROC_AUC": 0.7977898655105825,
    "PR_AUC": 0.8052553352472656,
    "hamming_loss": 0.2849010957734453,
    "jaccard_score": 0.5498088599055543,
    "confusion_matrix": [
        [
            0.7422324510932106,
            0.25776754890678943
        ],
        [
            0.31146156012390874,
            0.6885384398760912
        ]
    ]
}