{
    "ID_max_prob": {
        "mean": 0.45826175808906555,
        "var": 0.005533494055271149
    },
    "OOD_max_prob": {
        "mean": 0.501488208770752,
        "var": 0.09473510831594467
    },
    "normality": {
        "base_rate": 50.0,
        "Prob_AUPR": 71.95,
        "Prob_AUROC": 86.43
    },
    "abnormality": {
        "base_rate": 50.0,
        "Prob_AUPR": 90.67,
        "Prob_AUROC": 86.43
    },
    "avg_confidence": 0.47987499833106995,
    "fpr95_normality": 0.26016449270001996,
    "detection_error_normality": 0.16168037895786588,
    "threshold_normality": 0.54150390625,
    "fpr95_abnormality": 0.8397298419335703,
    "detection_error_abnormality": 0.5,
    "threshold_abnormality": 0.45751953125
}