{
    "accuracy": 0.8101608083108012,
    "precision": 0.8034492198193266,
    "recall": 0.8265277386651647,
    "f1-score": 0.8148250971682397,
    "average_precision": [
        0.9162114915346689
    ],
    "ROC_AUC": 0.907015042035842,
    "PR_AUC": 0.9163012432686095,
    "hamming_loss": 0.1898391916891988,
    "jaccard_score": 0.6875146404310143,
    "confusion_matrix": [
        [
            0.7934407364787112,
            0.20655926352128884
        ],
        [
            0.17347226133483526,
            0.8265277386651647
        ]
    ]
}