{
    "accuracy": 0.9930574840322133,
    "precision": 0.9921476787436286,
    "recall": 0.9940648723257419,
    "f1-score": 0.9931053502482073,
    "average_precision/": [
        0.9996496605794046
    ],
    "ROC_AUC": 0.9996111782540541,
    "PR_AUC": 0.9996560967982977,
    "hamming_loss": 0.0069425159677867256,
    "jaccard_score": 0.9863051218844152,
    "confusion_matrix": [
        [
            0.9920379941332589,
            0.007962005866741164
        ],
        [
            0.005935127674258109,
            0.9940648723257419
        ]
    ]
}