{
    "accuracy": 0.8158531378966842,
    "precision": 0.8062415196743555,
    "recall": 0.8366657279639538,
    "f1-score": 0.8211719181868435,
    "average_precision": [
        0.918037494595122
    ],
    "ROC_AUC": 0.911584655483682,
    "PR_AUC": 0.9181280503742573,
    "hamming_loss": 0.1841468621033158,
    "jaccard_score": 0.6966002344665885,
    "confusion_matrix": [
        [
            0.7945914844649021,
            0.2054085155350978
        ],
        [
            0.1633342720360462,
            0.8366657279639538
        ]
    ]
}