{
    "accuracy": 0.7629,
    "precision": 0.7648266770538777,
    "recall": 0.7629,
    "f1-score": 0.7626457720819103,
    "hamming_loss": 0.2371,
    "jaccard_score": 0.6234244372490677,
    "matthew_correlation_coefficient": 0.7368403912332049,
    "confusion_matrix": [
        [
            0.768,
            0.015,
            0.042,
            0.022,
            0.015,
            0.005,
            0.018,
            0.007,
            0.083,
            0.025
        ],
        [
            0.03,
            0.833,
            0.005,
            0.005,
            0.002,
            0.005,
            0.004,
            0.003,
            0.014,
            0.099
        ],
        [
            0.054,
            0.007,
            0.627,
            0.06,
            0.087,
            0.056,
            0.068,
            0.023,
            0.009,
            0.009
        ],
        [
            0.018,
            0.001,
            0.05,
            0.579,
            0.059,
            0.213,
            0.039,
            0.023,
            0.009,
            0.009
        ],
        [
            0.014,
            0.001,
            0.044,
            0.039,
            0.758,
            0.037,
            0.038,
            0.058,
            0.006,
            0.005
        ],
        [
            0.005,
            0.003,
            0.032,
            0.131,
            0.024,
            0.753,
            0.012,
            0.031,
            0.004,
            0.005
        ],
        [
            0.004,
            0.002,
            0.02,
            0.051,
            0.043,
            0.018,
            0.854,
            0.005,
            0.002,
            0.001
        ],
        [
            0.02,
            0.002,
            0.026,
            0.034,
            0.052,
            0.076,
            0.01,
            0.763,
            0.001,
            0.016
        ],
        [
            0.057,
            0.019,
            0.008,
            0.012,
            0.006,
            0.005,
            0.003,
            0.005,
            0.857,
            0.028
        ],
        [
            0.032,
            0.048,
            0.01,
            0.014,
            0.006,
            0.009,
            0.009,
            0.01,
            0.025,
            0.837
        ]
    ],
    "airplane": {
        "precision": 0.7664670658682635,
        "recall": 0.768,
        "f1-score": 0.7672327672327672,
        "support": 1000.0
    },
    "automobile": {
        "precision": 0.8947368421052632,
        "recall": 0.833,
        "f1-score": 0.8627654065251166,
        "support": 1000.0
    },
    "bird": {
        "precision": 0.7256944444444444,
        "recall": 0.627,
        "f1-score": 0.6727467811158798,
        "support": 1000.0
    },
    "cat": {
        "precision": 0.6114044350580782,
        "recall": 0.579,
        "f1-score": 0.5947611710323575,
        "support": 1000.0
    },
    "deer": {
        "precision": 0.720532319391635,
        "recall": 0.758,
        "f1-score": 0.7387914230019494,
        "support": 1000.0
    },
    "dog": {
        "precision": 0.6397621070518267,
        "recall": 0.753,
        "f1-score": 0.6917776757005052,
        "support": 1000.0
    },
    "frog": {
        "precision": 0.809478672985782,
        "recall": 0.854,
        "f1-score": 0.8311435523114354,
        "support": 1000.0
    },
    "horse": {
        "precision": 0.822198275862069,
        "recall": 0.763,
        "f1-score": 0.79149377593361,
        "support": 1000.0
    },
    "ship": {
        "precision": 0.8485148514851485,
        "recall": 0.857,
        "f1-score": 0.8527363184079602,
        "support": 1000.0
    },
    "truck": {
        "precision": 0.809477756286267,
        "recall": 0.837,
        "f1-score": 0.8230088495575222,
        "support": 1000.0
    },
    "macro avg": {
        "precision": 0.7648266770538777,
        "recall": 0.7629,
        "f1-score": 0.7626457720819103,
        "support": 10000.0
    },
    "weighted avg": {
        "precision": 0.7648266770538777,
        "recall": 0.7629,
        "f1-score": 0.7626457720819104,
        "support": 10000.0
    }
}