{
    "accuracy": 0.7154,
    "precision": 0.7220607103183656,
    "recall": 0.7154,
    "f1-score": 0.7168693937319447,
    "hamming_loss": 0.2846,
    "jaccard_score": 0.5653284290821863,
    "matthew_correlation_coefficient": 0.684329341394949,
    "confusion_matrix": [
        [
            0.725,
            0.018,
            0.081,
            0.012,
            0.015,
            0.003,
            0.01,
            0.011,
            0.09,
            0.035
        ],
        [
            0.04,
            0.801,
            0.011,
            0.008,
            0.002,
            0.004,
            0.006,
            0.006,
            0.028,
            0.094
        ],
        [
            0.065,
            0.002,
            0.725,
            0.045,
            0.064,
            0.025,
            0.04,
            0.018,
            0.009,
            0.007
        ],
        [
            0.023,
            0.005,
            0.128,
            0.546,
            0.037,
            0.148,
            0.054,
            0.025,
            0.015,
            0.019
        ],
        [
            0.017,
            0.003,
            0.108,
            0.051,
            0.657,
            0.031,
            0.05,
            0.068,
            0.01,
            0.005
        ],
        [
            0.005,
            0.007,
            0.082,
            0.168,
            0.046,
            0.614,
            0.014,
            0.055,
            0.005,
            0.004
        ],
        [
            0.006,
            0.001,
            0.1,
            0.059,
            0.023,
            0.014,
            0.779,
            0.009,
            0.008,
            0.001
        ],
        [
            0.025,
            0.001,
            0.063,
            0.043,
            0.066,
            0.061,
            0.006,
            0.724,
            0.005,
            0.006
        ],
        [
            0.076,
            0.031,
            0.03,
            0.009,
            0.004,
            0.006,
            0.004,
            0.003,
            0.804,
            0.033
        ],
        [
            0.054,
            0.072,
            0.016,
            0.016,
            0.002,
            0.006,
            0.004,
            0.019,
            0.032,
            0.779
        ]
    ],
    "airplane": {
        "precision": 0.6998069498069498,
        "recall": 0.725,
        "f1-score": 0.712180746561886,
        "support": 1000.0
    },
    "automobile": {
        "precision": 0.8512221041445271,
        "recall": 0.801,
        "f1-score": 0.8253477588871715,
        "support": 1000.0
    },
    "bird": {
        "precision": 0.5394345238095238,
        "recall": 0.725,
        "f1-score": 0.6186006825938567,
        "support": 1000.0
    },
    "cat": {
        "precision": 0.5705329153605015,
        "recall": 0.546,
        "f1-score": 0.5579969340827798,
        "support": 1000.0
    },
    "deer": {
        "precision": 0.7172489082969432,
        "recall": 0.657,
        "f1-score": 0.6858037578288101,
        "support": 1000.0
    },
    "dog": {
        "precision": 0.6732456140350878,
        "recall": 0.614,
        "f1-score": 0.6422594142259415,
        "support": 1000.0
    },
    "frog": {
        "precision": 0.8055842812823164,
        "recall": 0.779,
        "f1-score": 0.7920691408235893,
        "support": 1000.0
    },
    "horse": {
        "precision": 0.7718550106609808,
        "recall": 0.724,
        "f1-score": 0.7471620227038184,
        "support": 1000.0
    },
    "ship": {
        "precision": 0.7992047713717694,
        "recall": 0.804,
        "f1-score": 0.8015952143569293,
        "support": 1000.0
    },
    "truck": {
        "precision": 0.7924720244150559,
        "recall": 0.779,
        "f1-score": 0.7856782652546647,
        "support": 1000.0
    },
    "macro avg": {
        "precision": 0.7220607103183656,
        "recall": 0.7154,
        "f1-score": 0.7168693937319447,
        "support": 10000.0
    },
    "weighted avg": {
        "precision": 0.7220607103183656,
        "recall": 0.7154,
        "f1-score": 0.7168693937319447,
        "support": 10000.0
    }
}