{
    "accuracy": 0.6348,
    "precision": 0.6325928191028369,
    "recall": 0.6347999999999999,
    "f1-score": 0.6323434226196702,
    "hamming_loss": 0.3652,
    "jaccard_score": 0.46838685341114444,
    "matthew_correlation_coefficient": 0.5944963879090479,
    "confusion_matrix": [
        [
            0.685,
            0.058,
            0.047,
            0.012,
            0.015,
            0.009,
            0.011,
            0.017,
            0.107,
            0.039
        ],
        [
            0.049,
            0.774,
            0.011,
            0.01,
            0.001,
            0.006,
            0.007,
            0.011,
            0.035,
            0.096
        ],
        [
            0.09,
            0.023,
            0.536,
            0.063,
            0.08,
            0.053,
            0.075,
            0.047,
            0.021,
            0.012
        ],
        [
            0.042,
            0.024,
            0.077,
            0.446,
            0.053,
            0.171,
            0.077,
            0.056,
            0.032,
            0.022
        ],
        [
            0.03,
            0.018,
            0.106,
            0.058,
            0.546,
            0.043,
            0.07,
            0.102,
            0.013,
            0.014
        ],
        [
            0.016,
            0.014,
            0.055,
            0.21,
            0.031,
            0.53,
            0.04,
            0.08,
            0.015,
            0.009
        ],
        [
            0.022,
            0.023,
            0.062,
            0.048,
            0.026,
            0.028,
            0.752,
            0.017,
            0.009,
            0.013
        ],
        [
            0.034,
            0.017,
            0.049,
            0.052,
            0.064,
            0.085,
            0.02,
            0.642,
            0.013,
            0.024
        ],
        [
            0.084,
            0.061,
            0.017,
            0.017,
            0.009,
            0.005,
            0.005,
            0.006,
            0.765,
            0.031
        ],
        [
            0.051,
            0.142,
            0.015,
            0.017,
            0.011,
            0.013,
            0.007,
            0.014,
            0.058,
            0.672
        ]
    ],
    "airplane": {
        "precision": 0.6210335448776065,
        "recall": 0.685,
        "f1-score": 0.6514503090822634,
        "support": 1000.0
    },
    "automobile": {
        "precision": 0.6707105719237435,
        "recall": 0.774,
        "f1-score": 0.7186629526462395,
        "support": 1000.0
    },
    "bird": {
        "precision": 0.5497435897435897,
        "recall": 0.536,
        "f1-score": 0.5427848101265822,
        "support": 1000.0
    },
    "cat": {
        "precision": 0.4780278670953912,
        "recall": 0.446,
        "f1-score": 0.46145887221934817,
        "support": 1000.0
    },
    "deer": {
        "precision": 0.65311004784689,
        "recall": 0.546,
        "f1-score": 0.5947712418300654,
        "support": 1000.0
    },
    "dog": {
        "precision": 0.5620360551431601,
        "recall": 0.53,
        "f1-score": 0.5455481214616573,
        "support": 1000.0
    },
    "frog": {
        "precision": 0.706766917293233,
        "recall": 0.752,
        "f1-score": 0.7286821705426355,
        "support": 1000.0
    },
    "horse": {
        "precision": 0.6471774193548387,
        "recall": 0.642,
        "f1-score": 0.644578313253012,
        "support": 1000.0
    },
    "ship": {
        "precision": 0.7162921348314607,
        "recall": 0.765,
        "f1-score": 0.7398452611218569,
        "support": 1000.0
    },
    "truck": {
        "precision": 0.721030042918455,
        "recall": 0.672,
        "f1-score": 0.6956521739130435,
        "support": 1000.0
    },
    "macro avg": {
        "precision": 0.6325928191028369,
        "recall": 0.6347999999999999,
        "f1-score": 0.6323434226196702,
        "support": 10000.0
    },
    "weighted avg": {
        "precision": 0.6325928191028368,
        "recall": 0.6348,
        "f1-score": 0.6323434226196704,
        "support": 10000.0
    }
}