{
    "accuracy": 0.7373,
    "precision": 0.7399598900801168,
    "recall": 0.7373000000000001,
    "f1-score": 0.7373028929288934,
    "hamming_loss": 0.2627,
    "jaccard_score": 0.5903370034387844,
    "matthew_correlation_coefficient": 0.7083946516532676,
    "confusion_matrix": [
        [
            0.787,
            0.034,
            0.041,
            0.012,
            0.013,
            0.008,
            0.01,
            0.015,
            0.047,
            0.033
        ],
        [
            0.024,
            0.859,
            0.004,
            0.012,
            0.0,
            0.006,
            0.003,
            0.001,
            0.01,
            0.081
        ],
        [
            0.077,
            0.013,
            0.621,
            0.069,
            0.085,
            0.037,
            0.052,
            0.034,
            0.006,
            0.006
        ],
        [
            0.03,
            0.01,
            0.048,
            0.617,
            0.034,
            0.134,
            0.059,
            0.045,
            0.009,
            0.014
        ],
        [
            0.026,
            0.006,
            0.05,
            0.056,
            0.661,
            0.039,
            0.042,
            0.111,
            0.006,
            0.003
        ],
        [
            0.01,
            0.005,
            0.037,
            0.211,
            0.033,
            0.639,
            0.012,
            0.041,
            0.003,
            0.009
        ],
        [
            0.007,
            0.01,
            0.027,
            0.056,
            0.033,
            0.018,
            0.824,
            0.011,
            0.009,
            0.005
        ],
        [
            0.021,
            0.004,
            0.025,
            0.046,
            0.038,
            0.069,
            0.005,
            0.779,
            0.003,
            0.01
        ],
        [
            0.098,
            0.041,
            0.009,
            0.009,
            0.005,
            0.013,
            0.007,
            0.004,
            0.782,
            0.032
        ],
        [
            0.03,
            0.091,
            0.01,
            0.019,
            0.003,
            0.005,
            0.004,
            0.021,
            0.013,
            0.804
        ]
    ],
    "airplane": {
        "precision": 0.709009009009009,
        "recall": 0.787,
        "f1-score": 0.7459715639810426,
        "support": 1000.0
    },
    "automobile": {
        "precision": 0.8005591798695247,
        "recall": 0.859,
        "f1-score": 0.8287506029908345,
        "support": 1000.0
    },
    "bird": {
        "precision": 0.7121559633027523,
        "recall": 0.621,
        "f1-score": 0.6634615384615385,
        "support": 1000.0
    },
    "cat": {
        "precision": 0.5573622402890696,
        "recall": 0.617,
        "f1-score": 0.5856668248694827,
        "support": 1000.0
    },
    "deer": {
        "precision": 0.7303867403314918,
        "recall": 0.661,
        "f1-score": 0.6939632545931758,
        "support": 1000.0
    },
    "dog": {
        "precision": 0.6601239669421488,
        "recall": 0.639,
        "f1-score": 0.649390243902439,
        "support": 1000.0
    },
    "frog": {
        "precision": 0.8094302554027505,
        "recall": 0.824,
        "f1-score": 0.8166501486620417,
        "support": 1000.0
    },
    "horse": {
        "precision": 0.7335216572504708,
        "recall": 0.779,
        "f1-score": 0.7555771096023277,
        "support": 1000.0
    },
    "ship": {
        "precision": 0.8806306306306306,
        "recall": 0.782,
        "f1-score": 0.8283898305084747,
        "support": 1000.0
    },
    "truck": {
        "precision": 0.8064192577733199,
        "recall": 0.804,
        "f1-score": 0.8052078117175765,
        "support": 1000.0
    },
    "macro avg": {
        "precision": 0.7399598900801168,
        "recall": 0.7373000000000001,
        "f1-score": 0.7373028929288934,
        "support": 10000.0
    },
    "weighted avg": {
        "precision": 0.7399598900801169,
        "recall": 0.7373,
        "f1-score": 0.7373028929288934,
        "support": 10000.0
    }
}