{
    "accuracy": 0.9063304721030043,
    "precision": 0.9043072353065987,
    "recall": 0.9099060631938514,
    "f1-score": 0.9070980100031923,
    "average_precision": [
        0.9679838990732438
    ],
    "ROC_AUC": 0.9682117090913646,
    "PR_AUC": 0.9680372235441447,
    "hamming_loss": 0.0936695278969957,
    "jaccard_score": 0.8299902629016553,
    "confusion_matrix": [
        [
            0.9027178602243313,
            0.09728213977566869
        ],
        [
            0.09009393680614859,
            0.9099060631938514
        ]
    ]
}