{
    "accuracy": 0.7122527394336132,
    "precision": 0.736321483771252,
    "recall": 0.6707969586032103,
    "f1-score": 0.7020335985853227,
    "average_precision": [
        0.8131152165364899
    ],
    "ROC_AUC": 0.801204761199539,
    "PR_AUC": 0.8132244296546869,
    "hamming_loss": 0.2877472605663868,
    "jaccard_score": 0.5408719346049047,
    "confusion_matrix": [
        [
            0.7546029919447641,
            0.2453970080552359
        ],
        [
            0.32920304139678963,
            0.6707969586032103
        ]
    ]
}