{
    "accuracy": 0.972897701292763,
    "precision": 0.9763278962777081,
    "recall": 0.969354704758741,
    "f1-score": 0.9728288048008001,
    "average_precision/": 0.9931920253448621,
    "ROC_AUC": 0.9933667084918804,
    "PR_AUC": 0.9942075813783685,
    "hamming_loss": 0.027102298707236978,
    "jaccard_score": 0.9470950989938332,
    "confusion_matrix": [
        [
            0.976448069241012,
            0.023551930758988017
        ],
        [
            0.030645295241259033,
            0.969354704758741
        ]
    ]
}