{
    "accuracy": 0.926025390625,
    "precision": 0.9500683994528044,
    "recall": 0.9000485987364328,
    "f1-score": 0.9243823309208884,
    "average_precision": [
        0.988367436589907
    ],
    "ROC_AUC": 0.9877410515208861,
    "PR_AUC": 0.9883824388760233,
    "hamming_loss": 0.073974609375,
    "jaccard_score": 0.8593967517401392,
    "confusion_matrix": [
        [
            0.9522485690923957,
            0.04775143090760425
        ],
        [
            0.09995140126356715,
            0.9000485987364328
        ]
    ]
}