{
    "accuracy": 0.9269205729166666,
    "precision": 0.9047107564830443,
    "recall": 0.9551271666936659,
    "f1-score": 0.9292356185973206,
    "average_precision": [
        0.9877173004741052
    ],
    "ROC_AUC": 0.9874937794544569,
    "PR_AUC": 0.9877377781414546,
    "hamming_loss": 0.07307942708333333,
    "jaccard_score": 0.8678245510744775,
    "confusion_matrix": [
        [
            0.8984464431725265,
            0.10155355682747343
        ],
        [
            0.044872833306334035,
            0.9551271666936659
        ]
    ]
}