{
    "accuracy": 0.9013948497854077,
    "precision": 0.9193584317219871,
    "recall": 0.8810845431255337,
    "f1-score": 0.8998146734983102,
    "average_precision": [
        0.9715485531561533
    ],
    "ROC_AUC": 0.9712626843055758,
    "PR_AUC": 0.9717933652674203,
    "hamming_loss": 0.09860515021459228,
    "jaccard_score": 0.8178755449861276,
    "confusion_matrix": [
        [
            0.9219154443485763,
            0.07808455565142364
        ],
        [
            0.11891545687446627,
            0.8810845431255337
        ]
    ]
}