{
    "accuracy": 0.9528969957081546,
    "precision": 0.9559613319011815,
    "recall": 0.9500426985482494,
    "f1-score": 0.9529928257843453,
    "average_precision": [
        0.9909019634926054
    ],
    "ROC_AUC": 0.9911478799194512,
    "PR_AUC": 0.9912604394599388,
    "hamming_loss": 0.047103004291845496,
    "jaccard_score": 0.9102065862139497,
    "confusion_matrix": [
        [
            0.9557808455565142,
            0.044219154443485766
        ],
        [
            0.04995730145175064,
            0.9500426985482494
        ]
    ]
}