{
    "ID_max_prob": {
        "mean": 0.9507707357406616,
        "var": 0.0975411981344223
    },
    "OOD_max_prob": {
        "mean": 0.8756745457649231,
        "var": 0.13598507642745972
    },
    "ID_entropy": {
        "mean": 2.1673548221588135,
        "var": 0.17687436938285828
    },
    "OOD_entropy": {
        "mean": 2.0048389434814453,
        "var": 0.21602006256580353
    },
    "normality": {
        "base_rate": 50.0,
        "KL_AUPR": 80.71,
        "KL_AUROC": 77.85,
        "Prob_AUPR": 80.71,
        "Prob_AUROC": 77.85
    },
    "abnormality": {
        "base_rate": 50.0,
        "KL_AUPR": 71.61,
        "KL_AUROC": 77.85,
        "Prob_AUPR": 71.61,
        "Prob_AUROC": 77.85
    },
    "avg_confidence": 0.9129999876022339,
    "fpr95_normality": 0.8581401146846173,
    "detection_error_normality": 0.4540014958863126,
    "threshold_normality": 0.6955448389053345,
    "fpr95_abnormality": 0.6115557217651458,
    "detection_error_abnormality": 0.33077786088257294,
    "threshold_abnormality": 0.007665872573852539
}