{
    "accuracy": 0.9232832618025751,
    "precision": 0.8854146436201205,
    "recall": 0.9733134073441503,
    "f1-score": 0.9272856707007017,
    "average_precision": [
        0.9881902792523839
    ],
    "ROC_AUC": 0.9882107429400031,
    "PR_AUC": 0.9882166643308363,
    "hamming_loss": 0.07671673819742489,
    "jaccard_score": 0.8644292756920743,
    "confusion_matrix": [
        [
            0.8727351164797239,
            0.1272648835202761
        ],
        [
            0.0266865926558497,
            0.9733134073441503
        ]
    ]
}