{
    "ID_max_prob": {
        "mean": 0.4605313241481781,
        "var": 0.019551411271095276
    },
    "OOD_max_prob": {
        "mean": 0.5239220857620239,
        "var": 0.12240415066480637
    },
    "normality": {
        "base_rate": 50.0,
        "Prob_AUPR": 76.15,
        "Prob_AUROC": 81.14
    },
    "abnormality": {
        "base_rate": 50.0,
        "Prob_AUPR": 83.71,
        "Prob_AUROC": 81.14
    },
    "avg_confidence": 0.4922266900539398,
    "fpr95_normality": 0.5357766143106457,
    "detection_error_normality": 0.29288207429568686,
    "threshold_normality": 0.5348353385925293,
    "fpr95_abnormality": 0.7890737970580903,
    "detection_error_abnormality": 0.41953378209922715,
    "threshold_abnormality": 0.45765143632888794
}