{
    "MAE": 0.0002463291692611289,
    "MSE": 1.6328211496432246e-07
}