{
    "ID_max_prob": {
        "mean": 0.9912502765655518,
        "var": 0.04671628773212433
    },
    "OOD_max_prob": {
        "mean": 0.913414478302002,
        "var": 0.13325421512126923
    },
    "ID_entropy": {
        "mean": 2.279831647872925,
        "var": 0.09334829449653625
    },
    "OOD_entropy": {
        "mean": 2.1054420471191406,
        "var": 0.23711417615413666
    },
    "normality": {
        "base_rate": 50.0,
        "KL_AUPR": 83.2,
        "KL_AUROC": 84.6,
        "Prob_AUPR": 83.08,
        "Prob_AUROC": 84.54
    },
    "abnormality": {
        "base_rate": 50.0,
        "KL_AUPR": 83.95,
        "KL_AUROC": 84.6,
        "Prob_AUPR": 83.9,
        "Prob_AUROC": 84.54
    },
    "avg_confidence": 0.9520000219345093,
    "fpr95": 0.548,
    "detection_error": 0.29900000000000004,
    "threshold": 0.9785082340240479
}