{
    "accuracy": 0.8969957081545065,
    "precision": 0.8758578926120307,
    "recall": 0.9263450042698548,
    "f1-score": 0.9003942726706785,
    "average_precision": [
        0.9736308525039213
    ],
    "ROC_AUC": 0.9722681863027183,
    "PR_AUC": 0.9738842356186072,
    "hamming_loss": 0.10300429184549356,
    "jaccard_score": 0.8188337422155123,
    "confusion_matrix": [
        [
            0.8673425366695428,
            0.1326574633304573
        ],
        [
            0.07365499573014518,
            0.9263450042698548
        ]
    ]
}