{
    "accuracy": 0.9394849785407725,
    "precision": 0.9340497260851243,
    "recall": 0.9464133219470539,
    "f1-score": 0.9401908801696713,
    "average_precision": [
        0.9903953471527657
    ],
    "ROC_AUC": 0.9898425624581396,
    "PR_AUC": 0.9904064038901088,
    "hamming_loss": 0.06051502145922747,
    "jaccard_score": 0.8871322793676206,
    "confusion_matrix": [
        [
            0.9324849007765315,
            0.0675150992234685
        ],
        [
            0.0535866780529462,
            0.9464133219470539
        ]
    ]
}