{
    "accuracy": 0.8531115879828326,
    "precision": 0.8375076359193647,
    "recall": 0.8780956447480786,
    "f1-score": 0.8573215216258467,
    "average_precision": [
        0.9308248562169824
    ],
    "ROC_AUC": 0.9293294817449891,
    "PR_AUC": 0.9309729080481937,
    "hamming_loss": 0.14688841201716737,
    "jaccard_score": 0.7502736227654141,
    "confusion_matrix": [
        [
            0.8278688524590164,
            0.1721311475409836
        ],
        [
            0.12190435525192143,
            0.8780956447480786
        ]
    ]
}