{
    "accuracy": 0.975,
    "precision": 0.9750304417393953,
    "recall": 0.975,
    "f1-score": 0.9749984799718601,
    "hamming_loss": 0.025,
    "jaccard_score": 0.9515105914758955,
    "matthew_correlation_coefficient": 0.972225905885133,
    "confusion_matrix": [
        [
            0.983,
            0.001,
            0.005,
            0.003,
            0.0,
            0.0,
            0.0,
            0.001,
            0.007,
            0.0
        ],
        [
            0.002,
            0.986,
            0.0,
            0.0,
            0.0,
            0.0,
            0.0,
            0.0,
            0.001,
            0.011
        ],
        [
            0.004,
            0.0,
            0.971,
            0.01,
            0.008,
            0.004,
            0.002,
            0.0,
            0.001,
            0.0
        ],
        [
            0.002,
            0.001,
            0.002,
            0.944,
            0.004,
            0.032,
            0.006,
            0.005,
            0.003,
            0.001
        ],
        [
            0.0,
            0.0,
            0.006,
            0.003,
            0.981,
            0.002,
            0.004,
            0.004,
            0.0,
            0.0
        ],
        [
            0.0,
            0.0,
            0.001,
            0.03,
            0.005,
            0.959,
            0.002,
            0.003,
            0.0,
            0.0
        ],
        [
            0.002,
            0.0,
            0.003,
            0.004,
            0.001,
            0.001,
            0.989,
            0.0,
            0.0,
            0.0
        ],
        [
            0.002,
            0.0,
            0.001,
            0.003,
            0.009,
            0.007,
            0.0,
            0.977,
            0.0,
            0.001
        ],
        [
            0.01,
            0.003,
            0.0,
            0.0,
            0.0,
            0.0,
            0.0,
            0.0,
            0.987,
            0.0
        ],
        [
            0.002,
            0.02,
            0.001,
            0.0,
            0.0,
            0.0,
            0.0,
            0.0,
            0.004,
            0.973
        ]
    ],
    "airplane": {
        "precision": 0.9761668321747765,
        "recall": 0.983,
        "f1-score": 0.979571499750872,
        "support": 1000.0
    },
    "automobile": {
        "precision": 0.9752720079129574,
        "recall": 0.986,
        "f1-score": 0.9806066633515663,
        "support": 1000.0
    },
    "bird": {
        "precision": 0.9808080808080808,
        "recall": 0.971,
        "f1-score": 0.9758793969849245,
        "support": 1000.0
    },
    "cat": {
        "precision": 0.9468405215646941,
        "recall": 0.944,
        "f1-score": 0.9454181271907862,
        "support": 1000.0
    },
    "deer": {
        "precision": 0.9732142857142857,
        "recall": 0.981,
        "f1-score": 0.9770916334661355,
        "support": 1000.0
    },
    "dog": {
        "precision": 0.954228855721393,
        "recall": 0.959,
        "f1-score": 0.9566084788029925,
        "support": 1000.0
    },
    "frog": {
        "precision": 0.9860418743768694,
        "recall": 0.989,
        "f1-score": 0.9875187219171243,
        "support": 1000.0
    },
    "horse": {
        "precision": 0.9868686868686869,
        "recall": 0.977,
        "f1-score": 0.9819095477386934,
        "support": 1000.0
    },
    "ship": {
        "precision": 0.9840478564307079,
        "recall": 0.987,
        "f1-score": 0.9855217174238642,
        "support": 1000.0
    },
    "truck": {
        "precision": 0.986815415821501,
        "recall": 0.973,
        "f1-score": 0.9798590130916414,
        "support": 1000.0
    },
    "macro avg": {
        "precision": 0.9750304417393953,
        "recall": 0.975,
        "f1-score": 0.9749984799718601,
        "support": 10000.0
    },
    "weighted avg": {
        "precision": 0.9750304417393952,
        "recall": 0.975,
        "f1-score": 0.9749984799718601,
        "support": 10000.0
    }
}