{
    "accuracy": 0.9743,
    "precision": 0.9743903000746036,
    "recall": 0.9743,
    "f1-score": 0.9742801118850816,
    "hamming_loss": 0.0257,
    "jaccard_score": 0.9502465886152438,
    "matthew_correlation_coefficient": 0.9714591351764456,
    "confusion_matrix": [
        [
            0.988,
            0.001,
            0.003,
            0.002,
            0.001,
            0.0,
            0.0,
            0.001,
            0.004,
            0.0
        ],
        [
            0.002,
            0.983,
            0.0,
            0.0,
            0.0,
            0.0,
            0.0,
            0.0,
            0.001,
            0.014
        ],
        [
            0.004,
            0.0,
            0.976,
            0.009,
            0.003,
            0.005,
            0.001,
            0.001,
            0.001,
            0.0
        ],
        [
            0.002,
            0.001,
            0.002,
            0.925,
            0.004,
            0.05,
            0.006,
            0.006,
            0.003,
            0.001
        ],
        [
            0.0,
            0.0,
            0.006,
            0.0,
            0.983,
            0.003,
            0.004,
            0.004,
            0.0,
            0.0
        ],
        [
            0.0,
            0.0,
            0.002,
            0.022,
            0.005,
            0.964,
            0.003,
            0.004,
            0.0,
            0.0
        ],
        [
            0.003,
            0.0,
            0.006,
            0.004,
            0.001,
            0.002,
            0.984,
            0.0,
            0.0,
            0.0
        ],
        [
            0.001,
            0.0,
            0.001,
            0.002,
            0.009,
            0.007,
            0.0,
            0.98,
            0.0,
            0.0
        ],
        [
            0.01,
            0.002,
            0.0,
            0.0,
            0.0,
            0.001,
            0.0,
            0.0,
            0.987,
            0.0
        ],
        [
            0.002,
            0.02,
            0.001,
            0.0,
            0.0,
            0.0,
            0.0,
            0.0,
            0.004,
            0.973
        ]
    ],
    "airplane": {
        "precision": 0.9762845849802372,
        "recall": 0.988,
        "f1-score": 0.9821073558648111,
        "support": 1000.0
    },
    "automobile": {
        "precision": 0.9761668321747765,
        "recall": 0.983,
        "f1-score": 0.979571499750872,
        "support": 1000.0
    },
    "bird": {
        "precision": 0.9789368104312939,
        "recall": 0.976,
        "f1-score": 0.9774661992989484,
        "support": 1000.0
    },
    "cat": {
        "precision": 0.9595435684647303,
        "recall": 0.925,
        "f1-score": 0.9419551934826885,
        "support": 1000.0
    },
    "deer": {
        "precision": 0.9771371769383698,
        "recall": 0.983,
        "f1-score": 0.9800598205383848,
        "support": 1000.0
    },
    "dog": {
        "precision": 0.9341085271317829,
        "recall": 0.964,
        "f1-score": 0.9488188976377953,
        "support": 1000.0
    },
    "frog": {
        "precision": 0.9859719438877755,
        "recall": 0.984,
        "f1-score": 0.9849849849849849,
        "support": 1000.0
    },
    "horse": {
        "precision": 0.9839357429718876,
        "recall": 0.98,
        "f1-score": 0.9819639278557115,
        "support": 1000.0
    },
    "ship": {
        "precision": 0.987,
        "recall": 0.987,
        "f1-score": 0.987,
        "support": 1000.0
    },
    "truck": {
        "precision": 0.9848178137651822,
        "recall": 0.973,
        "f1-score": 0.9788732394366196,
        "support": 1000.0
    },
    "macro avg": {
        "precision": 0.9743903000746036,
        "recall": 0.9743,
        "f1-score": 0.9742801118850816,
        "support": 10000.0
    },
    "weighted avg": {
        "precision": 0.9743903000746037,
        "recall": 0.9743,
        "f1-score": 0.9742801118850816,
        "support": 10000.0
    }
}