{
    "accuracy": 0.9462446351931331,
    "precision": 0.9464247598719316,
    "recall": 0.9466268146883006,
    "f1-score": 0.9465257764969581,
    "average_precision": [
        0.9917228714153371
    ],
    "ROC_AUC": 0.9911256833057149,
    "PR_AUC": 0.9917346715497941,
    "hamming_loss": 0.053755364806866955,
    "jaccard_score": 0.8984802431610942,
    "confusion_matrix": [
        [
            0.9458584987057809,
            0.05414150129421916
        ],
        [
            0.0533731853116994,
            0.9466268146883006
        ]
    ]
}