{
    "accuracy": 0.9600858369098713,
    "precision": 0.9618680377035133,
    "recall": 0.9585824081981212,
    "f1-score": 0.9602224123182207,
    "average_precision": [
        0.9930321999480446
    ],
    "ROC_AUC": 0.9933266479466014,
    "PR_AUC": 0.9933798226242984,
    "hamming_loss": 0.039914163090128754,
    "jaccard_score": 0.9234882764294529,
    "confusion_matrix": [
        [
            0.9616048317515099,
            0.038395168248490076
        ],
        [
            0.041417591801878734,
            0.9585824081981212
        ]
    ]
}