{
    "accuracy": 0.973876953125,
    "precision": 0.9702667952426872,
    "recall": 0.9779685728171068,
    "f1-score": 0.9741024606696248,
    "average_precision/": [
        0.9931134641211458
    ],
    "ROC_AUC": 0.9948036175262224,
    "PR_AUC": 0.9944054392127955,
    "hamming_loss": 0.026123046875,
    "jaccard_score": 0.949512425290972,
    "confusion_matrix": [
        [
            0.9697465249386754,
            0.03025347506132461
        ],
        [
            0.022031427182893245,
            0.9779685728171068
        ]
    ]
}