{
    "accuracy": 0.9062188700725772,
    "precision": 0.9016666666666666,
    "recall": 0.9141087017741482,
    "f1-score": 0.9078450566354357,
    "average_precision": [
        0.9734229571883574
    ],
    "ROC_AUC": 0.9727633895571969,
    "PR_AUC": 0.9734442730225153,
    "hamming_loss": 0.0937811299274228,
    "jaccard_score": 0.8312419974391806,
    "confusion_matrix": [
        [
            0.8981588032220944,
            0.10184119677790564
        ],
        [
            0.08589129822585187,
            0.9141087017741482
        ]
    ]
}