{
    "accuracy": 0.8318669527896996,
    "precision": 0.8083086053412463,
    "recall": 0.872331340734415,
    "f1-score": 0.8391005236677277,
    "average_precision": [
        0.9101022797402936
    ],
    "ROC_AUC": 0.9111269690514732,
    "PR_AUC": 0.9102990154074838,
    "hamming_loss": 0.16813304721030042,
    "jaccard_score": 0.7228020520077835,
    "confusion_matrix": [
        [
            0.7909836065573771,
            0.20901639344262296
        ],
        [
            0.12766865926558496,
            0.872331340734415
        ]
    ]
}