{
    "ID_max_prob": {
        "mean": 0.4604957103729248,
        "var": 0.025058547034859657
    },
    "OOD_max_prob": {
        "mean": 0.9783420562744141,
        "var": 0.03069140389561653
    },
    "normality": {
        "base_rate": 50.0,
        "Prob_AUPR": 99.98,
        "Prob_AUROC": 99.98
    },
    "abnormality": {
        "base_rate": 50.0,
        "Prob_AUPR": 99.97,
        "Prob_AUROC": 99.98
    },
    "avg_confidence": 0.7194188237190247,
    "fpr95_normality": 0.00012465719272001995,
    "detection_error_normality": 0.0034280727998005464,
    "threshold_normality": 0.3490854501724243,
    "fpr95_abnormality": 0.00037397157816005983,
    "detection_error_abnormality": 0.003428072799800565,
    "threshold_abnormality": 0.6553986072540283
}