{
    "accuracy": 0.7992,
    "precision": 0.8011146907702613,
    "recall": 0.7992,
    "f1-score": 0.7987031718520126,
    "hamming_loss": 0.2008,
    "jaccard_score": 0.6694695741901711,
    "matthew_correlation_coefficient": 0.7771948270817232,
    "confusion_matrix": [
        [
            0.802,
            0.025,
            0.035,
            0.015,
            0.011,
            0.0,
            0.012,
            0.005,
            0.061,
            0.034
        ],
        [
            0.009,
            0.912,
            0.003,
            0.004,
            0.0,
            0.001,
            0.006,
            0.002,
            0.008,
            0.055
        ],
        [
            0.047,
            0.004,
            0.729,
            0.044,
            0.066,
            0.029,
            0.048,
            0.015,
            0.01,
            0.008
        ],
        [
            0.017,
            0.006,
            0.044,
            0.708,
            0.043,
            0.099,
            0.054,
            0.013,
            0.008,
            0.008
        ],
        [
            0.012,
            0.007,
            0.038,
            0.036,
            0.802,
            0.01,
            0.054,
            0.033,
            0.005,
            0.003
        ],
        [
            0.013,
            0.004,
            0.041,
            0.179,
            0.042,
            0.66,
            0.03,
            0.024,
            0.001,
            0.006
        ],
        [
            0.006,
            0.001,
            0.041,
            0.036,
            0.014,
            0.005,
            0.885,
            0.001,
            0.007,
            0.004
        ],
        [
            0.027,
            0.005,
            0.031,
            0.042,
            0.067,
            0.034,
            0.007,
            0.778,
            0.002,
            0.007
        ],
        [
            0.042,
            0.035,
            0.005,
            0.01,
            0.004,
            0.001,
            0.009,
            0.002,
            0.862,
            0.03
        ],
        [
            0.014,
            0.09,
            0.003,
            0.01,
            0.002,
            0.004,
            0.005,
            0.005,
            0.013,
            0.854
        ]
    ],
    "airplane": {
        "precision": 0.8109201213346815,
        "recall": 0.802,
        "f1-score": 0.8064353946706888,
        "support": 1000.0
    },
    "automobile": {
        "precision": 0.837465564738292,
        "recall": 0.912,
        "f1-score": 0.8731450454763044,
        "support": 1000.0
    },
    "bird": {
        "precision": 0.7515463917525773,
        "recall": 0.729,
        "f1-score": 0.7401015228426395,
        "support": 1000.0
    },
    "cat": {
        "precision": 0.6531365313653137,
        "recall": 0.708,
        "f1-score": 0.6794625719769674,
        "support": 1000.0
    },
    "deer": {
        "precision": 0.7630827783063748,
        "recall": 0.802,
        "f1-score": 0.7820575329107753,
        "support": 1000.0
    },
    "dog": {
        "precision": 0.7829181494661922,
        "recall": 0.66,
        "f1-score": 0.716223548562127,
        "support": 1000.0
    },
    "frog": {
        "precision": 0.7972972972972973,
        "recall": 0.885,
        "f1-score": 0.8388625592417062,
        "support": 1000.0
    },
    "horse": {
        "precision": 0.8861047835990888,
        "recall": 0.778,
        "f1-score": 0.8285410010649628,
        "support": 1000.0
    },
    "ship": {
        "precision": 0.8822927328556807,
        "recall": 0.862,
        "f1-score": 0.8720283257460799,
        "support": 1000.0
    },
    "truck": {
        "precision": 0.846382556987116,
        "recall": 0.854,
        "f1-score": 0.8501742160278746,
        "support": 1000.0
    },
    "macro avg": {
        "precision": 0.8011146907702613,
        "recall": 0.7992,
        "f1-score": 0.7987031718520126,
        "support": 10000.0
    },
    "weighted avg": {
        "precision": 0.8011146907702614,
        "recall": 0.7992,
        "f1-score": 0.7987031718520126,
        "support": 10000.0
    }
}