{
    "MAE": 0.0002348139027511535,
    "MSE": 9.436030217453003e-06
}