{
    "accuracy": 0.8928111587982832,
    "precision": 0.8806031811609172,
    "recall": 0.9101195559350982,
    "f1-score": 0.8951181102362205,
    "average_precision": [
        0.9683153554641268
    ],
    "ROC_AUC": 0.9650315606374648,
    "PR_AUC": 0.9685989723266272,
    "hamming_loss": 0.10718884120171673,
    "jaccard_score": 0.8101482326111744,
    "confusion_matrix": [
        [
            0.8753235547886109,
            0.12467644521138913
        ],
        [
            0.0898804440649018,
            0.9101195559350982
        ]
    ]
}