{
    "ID_max_prob": {
        "mean": 0.4614199101924896,
        "var": 0.023082174360752106
    },
    "OOD_max_prob": {
        "mean": 0.4881378412246704,
        "var": 0.08083552867174149
    },
    "normality": {
        "base_rate": 50.0,
        "Prob_AUPR": 53.55,
        "Prob_AUROC": 60.88
    },
    "abnormality": {
        "base_rate": 50.0,
        "Prob_AUPR": 68.91,
        "Prob_AUROC": 60.88
    },
    "avg_confidence": 0.4747788906097412,
    "fpr95_normality": 0.6731488406881077,
    "detection_error_normality": 0.3615681874844178,
    "threshold_normality": 0.5381659865379333,
    "fpr95_abnormality": 0.9547494390426328,
    "detection_error_abnormality": 0.5,
    "threshold_abnormality": 0.4576092064380646
}