{
    "accuracy": 0.7606223175965665,
    "precision": 0.9038524860059269,
    "recall": 0.5860375747224594,
    "f1-score": 0.7110477917368218,
    "average_precision": [
        0.8964999750297047
    ],
    "ROC_AUC": 0.8918461706512506,
    "PR_AUC": 0.8965568074167628,
    "hamming_loss": 0.2393776824034335,
    "jaccard_score": 0.5516479099678456,
    "confusion_matrix": [
        [
            0.9370146678170836,
            0.06298533218291631
        ],
        [
            0.41396242527754057,
            0.5860375747224594
        ]
    ]
}