{
    "accuracy": 0.9510729613733906,
    "precision": 0.9550150667240637,
    "recall": 0.947267292912041,
    "f1-score": 0.9511254019292604,
    "average_precision": [
        0.9927354510860156
    ],
    "ROC_AUC": 0.992425843047652,
    "PR_AUC": 0.9927639367078851,
    "hamming_loss": 0.048927038626609444,
    "jaccard_score": 0.9068056407112202,
    "confusion_matrix": [
        [
            0.9549180327868853,
            0.045081967213114756
        ],
        [
            0.05273270708795901,
            0.947267292912041
        ]
    ]
}