{
    "accuracy": 0.9593347639484978,
    "precision": 0.9614147909967846,
    "recall": 0.9575149444918872,
    "f1-score": 0.959460904909616,
    "average_precision": [
        0.9931914966133001
    ],
    "ROC_AUC": 0.9929521606791686,
    "PR_AUC": 0.9935085012693303,
    "hamming_loss": 0.04066523605150214,
    "jaccard_score": 0.9220805921052632,
    "confusion_matrix": [
        [
            0.9611734253666955,
            0.03882657463330457
        ],
        [
            0.042485055508112726,
            0.9575149444918872
        ]
    ]
}