{
    "accuracy": 0.9246781115879829,
    "precision": 0.945413870246085,
    "recall": 0.9022203245089667,
    "f1-score": 0.9233122132401136,
    "average_precision": [
        0.9831678171808198
    ],
    "ROC_AUC": 0.9833703154092761,
    "PR_AUC": 0.9831839479456603,
    "hamming_loss": 0.07532188841201717,
    "jaccard_score": 0.8575487012987013,
    "confusion_matrix": [
        [
            0.9473684210526315,
            0.05263157894736842
        ],
        [
            0.09777967549103331,
            0.9022203245089667
        ]
    ]
}