{
    "ID_max_prob": {
        "mean": 0.46958497166633606,
        "var": 0.05499384552240372
    },
    "OOD_max_prob": {
        "mean": 0.6111143827438354,
        "var": 0.17612718045711517
    },
    "normality": {
        "base_rate": 50.0,
        "Prob_AUPR": 79.65,
        "Prob_AUROC": 85.15
    },
    "abnormality": {
        "base_rate": 50.0,
        "Prob_AUPR": 86.42,
        "Prob_AUROC": 85.15
    },
    "avg_confidence": 0.5403497219085693,
    "fpr95_normality": 0.4436,
    "detection_error_normality": 0.24670000000000003,
    "threshold_normality": 0.5028673410415649,
    "fpr95_abnormality": 0.7716,
    "detection_error_abnormality": 0.41005,
    "threshold_abnormality": 0.45771464705467224
}