{
    "ID_max_prob": {
        "mean": 0.47335928678512573,
        "var": 0.06548470258712769
    },
    "OOD_max_prob": {
        "mean": 0.6485713124275208,
        "var": 0.18935717642307281
    },
    "normality": {
        "base_rate": 50.0,
        "Prob_AUPR": 81.61,
        "Prob_AUROC": 86.76
    },
    "abnormality": {
        "base_rate": 50.0,
        "Prob_AUPR": 87.45,
        "Prob_AUROC": 86.76
    },
    "avg_confidence": 0.5609652996063232,
    "fpr95_normality": 0.4346,
    "detection_error_normality": 0.24225000000000002,
    "threshold_normality": 0.468597948551178,
    "fpr95_abnormality": 0.7276,
    "detection_error_abnormality": 0.38870000000000005,
    "threshold_abnormality": 0.45776301622390747
}