{
    "MAE": 0.0019197356241295906,
    "MSE": 1.0758533111060985e-05
}