{
    "accuracy": 0.8189839191689199,
    "precision": 0.8070600916195095,
    "recall": 0.8434243874964799,
    "f1-score": 0.8248416414210961,
    "average_precision": [
        0.9189248783562447
    ],
    "ROC_AUC": 0.9130956400877691,
    "PR_AUC": 0.9190257254372552,
    "hamming_loss": 0.18101608083108012,
    "jaccard_score": 0.7018982891961566,
    "confusion_matrix": [
        [
            0.7940161104718066,
            0.20598388952819333
        ],
        [
            0.15657561250352015,
            0.8434243874964799
        ]
    ]
}