{
    "ID_max_prob": {
        "mean": 0.45981845259666443,
        "var": 0.018210958689451218
    },
    "OOD_max_prob": {
        "mean": 0.478376567363739,
        "var": 0.07460387051105499
    },
    "normality": {
        "base_rate": 50.0,
        "Prob_AUPR": 50.97,
        "Prob_AUROC": 57.04
    },
    "abnormality": {
        "base_rate": 50.0,
        "Prob_AUPR": 65.25,
        "Prob_AUROC": 57.04
    },
    "avg_confidence": 0.4690974950790405,
    "fpr95_normality": 0.7098,
    "detection_error_normality": 0.37979999999999997,
    "threshold_normality": 0.5407243967056274,
    "fpr95_abnormality": 0.9715,
    "detection_error_abnormality": 0.49995,
    "threshold_abnormality": 0.45761290192604065
}