{
    "accuracy": 0.7501067311797353,
    "precision": 0.7597684515195369,
    "recall": 0.7392283863700366,
    "f1-score": 0.7493576934056523,
    "average_precision": [
        0.8603784286554289
    ],
    "ROC_AUC": 0.8493981662566729,
    "PR_AUC": 0.8605242857131347,
    "hamming_loss": 0.2498932688202647,
    "jaccard_score": 0.5991782698014152,
    "confusion_matrix": [
        [
            0.7612197928653625,
            0.23878020713463752
        ],
        [
            0.2607716136299634,
            0.7392283863700366
        ]
    ]
}