{
    "accuracy": 0.7280489540344386,
    "precision": 0.7189001601708489,
    "recall": 0.7583779217121938,
    "f1-score": 0.7381115526928875,
    "average_precision": [
        0.8285177345336296
    ],
    "ROC_AUC": 0.821696444282701,
    "PR_AUC": 0.8286135011064908,
    "hamming_loss": 0.2719510459655614,
    "jaccard_score": 0.5849261511728931,
    "confusion_matrix": [
        [
            0.6970655926352128,
            0.3029344073647871
        ],
        [
            0.24162207828780624,
            0.7583779217121938
        ]
    ]
}