{
    "accuracy": 0.7982,
    "precision": 0.9691629955947136,
    "recall": 0.616,
    "f1-score": 0.7532404010760576,
    "average_precision/": "empty",
    "ROC_AUC": "empty",
    "PR_AUC": "empty",
    "hamming_loss": 0.2018,
    "jaccard_score": 0.6041584935268732,
    "confusion_matrix": [
        [
            0.9804,
            0.0196
        ],
        [
            0.384,
            0.616
        ]
    ]
}