{
    "accuracy": 0.63305,
    "precision": 0.6833402232327408,
    "recall": 0.4959,
    "f1-score": 0.5747233006895752,
    "average_precision/": "empty",
    "ROC_AUC": "empty",
    "PR_AUC": "empty",
    "hamming_loss": 0.36695,
    "jaccard_score": 0.4032362985851358,
    "confusion_matrix": [
        [
            0.7702,
            0.2298
        ],
        [
            0.5041,
            0.4959
        ]
    ]
}