{
    "MAE": 0.0003465736908391628,
    "MSE": 3.24598884781745e-07
}