{
    "accuracy": 0.9567596566523605,
    "precision": 0.9636127355425601,
    "recall": 0.9498292058070026,
    "f1-score": 0.9566713256639071,
    "average_precision": [
        0.9924656637361645
    ],
    "ROC_AUC": 0.9924835450331531,
    "PR_AUC": 0.9927524233416987,
    "hamming_loss": 0.04324034334763949,
    "jaccard_score": 0.9169414674361088,
    "confusion_matrix": [
        [
            0.9637618636755824,
            0.0362381363244176
        ],
        [
            0.050170794192997435,
            0.9498292058070026
        ]
    ]
}