{
    "accuracy": 0.7301835776291448,
    "precision": 0.7340876944837341,
    "recall": 0.7307800619543791,
    "f1-score": 0.7324301439458086,
    "average_precision": [
        0.8269136647873321
    ],
    "ROC_AUC": 0.8184844120799049,
    "PR_AUC": 0.8270165096258234,
    "hamming_loss": 0.2698164223708553,
    "jaccard_score": 0.5778223112892451,
    "confusion_matrix": [
        [
            0.7295742232451093,
            0.27042577675489066
        ],
        [
            0.26921993804562094,
            0.7307800619543791
        ]
    ]
}