{
    "accuracy": 0.8058915611213889,
    "precision": 0.8168646769052449,
    "recall": 0.7938608842579555,
    "f1-score": 0.805198514710083,
    "average_precision": [
        0.9073247549103628
    ],
    "ROC_AUC": 0.899708432348106,
    "PR_AUC": 0.9074767572504238,
    "hamming_loss": 0.19410843887861107,
    "jaccard_score": 0.6739182404972508,
    "confusion_matrix": [
        [
            0.8181818181818182,
            0.18181818181818182
        ],
        [
            0.2061391157420445,
            0.7938608842579555
        ]
    ]
}