{
    "ID_max_prob": {
        "mean": 0.4764636158943176,
        "var": 0.020681139081716537
    },
    "OOD_max_prob": {
        "mean": 0.48919424414634705,
        "var": 0.06831999123096466
    },
    "normality": {
        "base_rate": 50.0,
        "Prob_AUPR": 60.1,
        "Prob_AUROC": 63.35
    },
    "abnormality": {
        "base_rate": 50.0,
        "Prob_AUPR": 64.21,
        "Prob_AUROC": 63.35
    },
    "avg_confidence": 0.48282891511917114,
    "fpr95_normality": 0.8433186281485698,
    "detection_error_normality": 0.44642094777287605,
    "threshold_normality": 0.5197802782058716,
    "fpr95_abnormality": 0.907641952469048,
    "detection_error_abnormality": 0.4781556852141739,
    "threshold_abnormality": 0.4716607928276062
}