{
    "accuracy": 0.9114806866952789,
    "precision": 0.9298284695923368,
    "recall": 0.8911187019641332,
    "f1-score": 0.9100621388858606,
    "average_precision": [
        0.9769180668717391
    ],
    "ROC_AUC": 0.9757904941758295,
    "PR_AUC": 0.9770389504121738,
    "hamming_loss": 0.08851931330472103,
    "jaccard_score": 0.8349669933986797,
    "confusion_matrix": [
        [
            0.932053494391717,
            0.067946505608283
        ],
        [
            0.10888129803586678,
            0.8911187019641332
        ]
    ]
}