{
    "accuracy": 0.9064377682403434,
    "precision": 0.9252565818830879,
    "recall": 0.8853543979504697,
    "f1-score": 0.9048658084224308,
    "average_precision": [
        0.9779263881489492
    ],
    "ROC_AUC": 0.9766133346203071,
    "PR_AUC": 0.977955497345121,
    "hamming_loss": 0.09356223175965665,
    "jaccard_score": 0.8262602111974497,
    "confusion_matrix": [
        [
            0.927739430543572,
            0.07226056945642796
        ],
        [
            0.11464560204953031,
            0.8853543979504697
        ]
    ]
}