{
    "accuracy": 0.72795,
    "precision": 0.8820177643707056,
    "recall": 0.5263,
    "f1-score": 0.6592346715099893,
    "average_precision/": "empty",
    "ROC_AUC": "empty",
    "PR_AUC": "empty",
    "hamming_loss": 0.27205,
    "jaccard_score": 0.4916853512705531,
    "confusion_matrix": [
        [
            0.9296,
            0.0704
        ],
        [
            0.4737,
            0.5263
        ]
    ]
}