{
    "accuracy": 0.9379828326180257,
    "precision": 0.9586684539767649,
    "recall": 0.9160973526900086,
    "f1-score": 0.9368995633187773,
    "average_precision": [
        0.9888394014925452
    ],
    "ROC_AUC": 0.9888310277713717,
    "PR_AUC": 0.9888611240566346,
    "hamming_loss": 0.06201716738197425,
    "jaccard_score": 0.8812897925652085,
    "confusion_matrix": [
        [
            0.9600949094046591,
            0.03990509059534081
        ],
        [
            0.08390264730999146,
            0.9160973526900086
        ]
    ]
}