{
    "ID_max_prob": {
        "mean": 0.9933343529701233,
        "var": 0.04167209565639496
    },
    "OOD_max_prob": {
        "mean": 0.8041773438453674,
        "var": 0.159363254904747
    },
    "ID_entropy": {
        "mean": 2.2854483127593994,
        "var": 0.08186360448598862
    },
    "OOD_entropy": {
        "mean": 1.8996734619140625,
        "var": 0.2390580028295517
    },
    "normality": {
        "base_rate": 50.0,
        "KL_AUPR": 97.85,
        "KL_AUROC": 97.32,
        "Prob_AUPR": 97.86,
        "Prob_AUROC": 97.33
    },
    "abnormality": {
        "base_rate": 50.0,
        "KL_AUPR": 96.22,
        "KL_AUROC": 97.32,
        "Prob_AUPR": 96.15,
        "Prob_AUROC": 97.33
    },
    "avg_confidence": 0.8989999890327454,
    "fpr95": 0.1166,
    "detection_error": 0.08330000000000001,
    "threshold": 0.9903663396835327
}