{
    "accuracy": 0.9431330472103004,
    "precision": 0.9391120507399577,
    "recall": 0.9483347566182749,
    "f1-score": 0.9437008710431272,
    "average_precision": [
        0.9904240129473608
    ],
    "ROC_AUC": 0.99019819181411,
    "PR_AUC": 0.990437016208589,
    "hamming_loss": 0.05686695278969957,
    "jaccard_score": 0.8934030571198712,
    "confusion_matrix": [
        [
            0.9378774805867127,
            0.062122519413287315
        ],
        [
            0.05166524338172502,
            0.9483347566182749
        ]
    ]
}