{
    "accuracy": 0.9079399141630902,
    "precision": 0.9385602934433745,
    "recall": 0.8740392826643895,
    "f1-score": 0.9051514481538802,
    "average_precision": [
        0.9740610473998984
    ],
    "ROC_AUC": 0.9744787756163659,
    "PR_AUC": 0.9740712185945513,
    "hamming_loss": 0.09206008583690987,
    "jaccard_score": 0.8267366720516963,
    "confusion_matrix": [
        [
            0.9421915444348576,
            0.057808455565142365
        ],
        [
            0.1259607173356106,
            0.8740392826643895
        ]
    ]
}