{
    "accuracy": 0.9371244635193133,
    "precision": 0.9473799126637554,
    "recall": 0.9263450042698548,
    "f1-score": 0.9367443868739205,
    "average_precision": [
        0.98841013811318
    ],
    "ROC_AUC": 0.9877905499897214,
    "PR_AUC": 0.9884201972181258,
    "hamming_loss": 0.0628755364806867,
    "jaccard_score": 0.8810152284263959,
    "confusion_matrix": [
        [
            0.9480155306298533,
            0.051984469370146676
        ],
        [
            0.07365499573014518,
            0.9263450042698548
        ]
    ]
}