{
    "MAE": 0.0006911644659464387,
    "MSE": 1.2042689571157945e-06
}