{
    "accuracy": 0.6995708154506438,
    "precision": 0.7126410835214447,
    "recall": 0.67399658411614,
    "f1-score": 0.6927803379416283,
    "average_precision": [
        0.8009602768272295
    ],
    "ROC_AUC": 0.785570165614369,
    "PR_AUC": 0.8011304167961105,
    "hamming_loss": 0.30042918454935624,
    "jaccard_score": 0.5299647473560517,
    "confusion_matrix": [
        [
            0.7254098360655737,
            0.27459016393442626
        ],
        [
            0.32600341588385995,
            0.67399658411614
        ]
    ]
}